{
    "value0": {
        "T_imu_cam": [
            {
                "px": 0.0,
                "py": 0.0,
                "pz": 0.0,
                "qx": 0.0,
                "qy": 0.0,
                "qz": 0.0,
                "qw": 1.0
            },
            {
                "px": 0.055562348323640469,
                "py": -0.0005271167473089898,
                "pz": -0.0004287921096818139,
                "qx": -0.013621558785607103,
                "qy": 0.002256896760547352,
                "qz": -0.007688627630834518,
                "qw": 0.9998751144810121
            }
        ],
        "intrinsics": [
            {
                "camera_type": "kb4",
                "intrinsics": {
                    "fx": 713.1321955708502,
                    "fy": 712.031835870024,
                    "cx": 625.99548270382,
                    "cy": 383.65539840124617,
                    "k1": -0.0983145660466203,
                    "k2": -0.006515418714809734,
                    "k3": 0.008767484300378232,
                    "k4": -0.0030741219360294698
                }
            },
            {
                "camera_type": "kb4",
                "intrinsics": {
                    "fx": 717.3373825052905,
                    "fy": 716.3202901836302,
                    "cx": 658.3916806000923,
                    "cy": 424.4582281365338,
                    "k1": -0.09790950140991461,
                    "k2": -0.010485198157061593,
                    "k3": 0.0137633562531686,
                    "k4": -0.005103330621921269
                }
            }
        ],
        "resolution": [
            [
                1280,
                800
            ],
            [
                1280,
                800
            ]
        ],
        "calib_accel_bias": [
            0.0,
            0.0,
            0.0,
            0.0,
            0.0,
            0.0,
            0.0,
            0.0,
            0.0
        ],
        "calib_gyro_bias": [
            0.0,
            0.0,
            0.0,
            0.0,
            0.0,
            0.0,
            0.0,
            0.0,
            0.0,
            0.0,
            0.0,
            0.0
        ],
        "imu_update_rate": 200.0,
        "accel_noise_std": [
            0.016,
            0.016,
            0.016
        ],
        "gyro_noise_std": [
            0.000282,
            0.000282,
            0.000282
        ],
        "accel_bias_std": [
            0.001,
            0.001,
            0.001
        ],
        "gyro_bias_std": [
            0.0001,
            0.0001,
            0.0001
        ],
        "cam_time_offset_ns": 0,
        "vignette": []
    }
}