{
    "value0": {
        "T_imu_cam": [
            {
                "px": 0.049004526303020299,
                "py": -0.030931203461506859,
                "pz": 0.002866247637964844,
                "qx": 0.5038865315329509,
                "qy": 0.4921267037380186,
                "qz": 0.5016248392836061,
                "qw": 0.5022770066620026
            },
            {
                "px": 0.04926660243377712,
                "py": 0.024380539619390876,
                "pz": 0.002998758952968218,
                "qx": 0.49122467710106457,
                "qy": 0.4897573841211353,
                "qz": 0.5061025756254711,
                "qw": 0.5125389782748646
            }
        ],
        "intrinsics": [
            {
                "camera_type": "kb4",
                "intrinsics": {
                    "fx": 710.395492339778,
                    "fy": 709.4726023743023,
                    "cx": 626.0454467773284,
                    "cy": 383.0424058248029,
                    "k1": -0.09991353548416478,
                    "k2": 0.00044088905134887396,
                    "k3": 0.0017939523790427995,
                    "k4": -0.0008543016628082807
                }
            },
            {
                "camera_type": "kb4",
                "intrinsics": {
                    "fx": 714.5362921001679,
                    "fy": 713.7963095346732,
                    "cx": 656.9633944118832,
                    "cy": 424.7000224015487,
                    "k1": -0.09709959584953158,
                    "k2": -0.010917833935311945,
                    "k3": 0.013512088705595236,
                    "k4": -0.004516771168611997
                }
            }
        ],
        "resolution": [
            [
                1280,
                800
            ],
            [
                1280,
                800
            ]
        ],
        "calib_accel_bias": [
            -0.18751275993207323,
            -0.10154336493419429,
            -0.10632993336908815,
            0.0,
            0.0,
            0.0,
            0.0,
            0.0,
            0.0
        ],
        "calib_gyro_bias": [
            0.00017707675586359784,
            0.00029632989847185455,
            -0.0002082724305206447,
            0.0,
            0.0,
            0.0,
            0.0,
            0.0,
            0.0,
            0.0,
            0.0,
            0.0
        ],
        "imu_update_rate": 199.6454297168229,
        "accel_noise_std": [
            0.016,
            0.016,
            0.016
        ],
        "gyro_noise_std": [
            0.000282,
            0.000282,
            0.000282
        ],
        "accel_bias_std": [
            0.001,
            0.001,
            0.001
        ],
        "gyro_bias_std": [
            0.0001,
            0.0001,
            0.0001
        ],
        "cam_time_offset_ns": 0,
        "vignette": []
    }
}